player_name,name,position
Aaron Cresswell,Aaron Cresswell,DEF
Aaron Lennon,Aaron Lennon,MID
Aaron Mooy,Aaron Mooy,MID
Aaron Ramsey,Aaron Ramsey,MID
Aaron Wan-Bissaka,Aaron Wan-Bissaka,DEF
Abdelhamid Sabiri,Abdelhamid Sabiri,MID
Abdoulaye Doucour√©,Abdoulaye Doucouré,MID
Aboubakar Kamara,Aboubakar Kamara,FWD
Adama Diakhaby,Adama Diakhaby,FWD
Adama Traor√©,Adama Traoré,FWD
Adam Lallana,Adam Lallana,MID
Adam Masina,Adam Masina,DEF
Adam Smith,Adam Smith,DEF
Ademola Lookman,Ademola Lookman,FWD
Adrian Mariappa,Adrian Mariappa,DEF
Adrien Sebastian Perruchet Silva,Adrien Sebastian Perruchet Silva,MID
Adri√°n San Miguel del Castillo,Adrián San Miguel del Castillo,GKP
Ainsley Maitland-Niles,Ainsley Maitland-Niles,MID
Alberto Moreno,Alberto Moreno,DEF
Aleksandar Mitrovic,Aleksandar Mitrovic,FWD
Alexander S√∏rloth,Alexander Sørloth,FWD
Alexandre Lacazette,Alexandre Lacazette,FWD
Alexis S√°nchez,Alexis Sánchez,FWD
Alex Iwobi,Alex Iwobi,MID
Alex McCarthy,Alex McCarthy,GKP
Alex Oxlade-Chamberlain,Alex Oxlade-Chamberlain,MID
Alex Pritchard,Alex Pritchard,MID
Alex Smithies,Alex Smithies,GKP
Alfie Mawson,Alfie Mawson,DEF
Alireza Jahanbakhsh,Alireza Jahanbakhsh,MID
Alisson Ramses Becker,Alisson Ramses Becker,GKP
Anders Lindegaard,Anders Lindegaard,GKP
Ander Herrera,Ander Herrera,MID
Andreas Christensen,Andreas Christensen,DEF
Andreas Pereira,Andreas Pereira,MID
Andrew Robertson,Andrew Robertson,DEF
Andrew Surman,Andrew Surman,MID
Andre Gray,Andre Gray,FWD
Andriy Yarmolenko,Andriy Yarmolenko,MID
Andros Townsend,Andros Townsend,MID
Andr√© Filipe Tavares Gomes,André Filipe Tavares Gomes,MID
Andr√©-Frank Zambo Anguissa,André-Frank Zambo Anguissa,MID
Andr√© Sch√ºrrle,André Schürrle,FWD
Andy Carroll,Andy Carroll,FWD
Angelo Ogbonna,Angelo Ogbonna,DEF
Angus Gunn,Angus Gunn,GKP
Anthony Knockaert,Anthony Knockaert,MID
Anthony Martial,Anthony Martial,FWD
Anthony Pilkington,Anthony Pilkington,MID
Antonio R√ºdiger,Antonio Rüdiger,DEF
Antonio Valencia,Antonio Valencia,DEF
Aron Gunnarsson,Aron Gunnarsson,MID
Arthur Masuaku,Arthur Masuaku,DEF
Artur Boruc,Artur Boruc,GKP
Ashley Darel Jazz Richards,Ashley Darel Jazz Richards,DEF
Ashley Barnes,Ashley Barnes,FWD
Ashley Westwood,Ashley Westwood,MID
Ashley Williams,Ashley Williams,DEF
Ashley Young,Ashley Young,MID
Asmir Begovic,Asmir Begovic,GKP
Aymeric Laporte,Aymeric Laporte,DEF
Ayoze P√©rez,Ayoze Pérez,FWD
Bakary Sako,Bakary Sako,FWD
Bamidele Alli,Bamidele Alli,MID
Barry Douglas,Barry Douglas,DEF
Beni Baningime,Beni Baningime,MID
Benjamin Chilwell,Benjamin Chilwell,DEF
Benjamin Mendy,Benjamin Mendy,DEF
Ben Davies,Ben Davies,DEF
Ben Foster,Ben Foster,GKP
Ben Gibson,Ben Gibson,DEF
Ben Hamer,Ben Hamer,GKP
Ben Mee,Ben Mee,DEF
Beram Kayal,Beram Kayal,MID
Bernardo Mota Veiga de Carvalho e Silva,Bernardo Mota Veiga de Carvalho e Silva,DEF
Bernardo Fernandes da Silva Junior,Bernardo Fernandes da Silva Junior,MID
Bernard An√≠cio Caldeira Duarte,Bernard Anício Caldeira Duarte,MID
Bernd Leno,Bernd Leno,GKP
Bobby Reid,Bobby Reid,MID
Bonatini Lohner Maia Bonatini,Bonatini Lohner Maia Bonatini,FWD
Brahim Diaz,Brahim Diaz,MID
Bright Enobakhare,Bright Enobakhare,FWD
Bruno Ecuele Manga,Bruno Ecuele Manga,DEF
Bruno Saltor Grau,Bruno Saltor Grau,DEF
Caglar S√∂y√ºnc√º,Caglar Söyüncü,DEF
Callum Hudson-Odoi,Callum Hudson-Odoi,FWD
Callum Paterson,Callum Paterson,MID
Callum Wilson,Callum Wilson,FWD
Calum Chambers,Calum Chambers,DEF
Carlos S√°nchez,Carlos Sánchez,MID
Cenk Tosun,Cenk Tosun,FWD
Cesc F√†bregas,Cesc Fàbregas,MID
Chancel Mbemba,Chancel Mbemba,DEF
Charlie Austin,Charlie Austin,FWD
Charlie Daniels,Charlie Daniels,DEF
Charlie Taylor,Charlie Taylor,DEF
Cheikhou Kouyat√©,Cheikhou Kouyaté,MID
Christian Atsu,Christian Atsu,MID
Christian Benteke,Christian Benteke,FWD
Christian Eriksen,Christian Eriksen,MID
Christian Fuchs,Christian Fuchs,DEF
Christian Kabasele,Christian Kabasele,DEF
Christopher Schindler,Christopher Schindler,DEF
Chris L√∂we,Chris Löwe,DEF
Chris Smalling,Chris Smalling,DEF
Chris Wood,Chris Wood,FWD
Ciaran Clark,Ciaran Clark,DEF
Claudio Bravo,Claudio Bravo,GKP
Collin Quaner,Collin Quaner,FWD
Connor Wickham,Connor Wickham,FWD
Conor Coady,Conor Coady,DEF
Craig Cathcart,Craig Cathcart,DEF
Cuco Martina,Cuco Martina,DEF
Cyrus Christie,Cyrus Christie,DEF
C√©dric Soares,Cédric Soares,DEF
C√©sar Azpilicueta,César Azpilicueta,DEF
Daley Blind,Daley Blind,MID
Dale Stephens,Dale Stephens,MID
Daniel Amartey,Daniel Amartey,DEF
Daniel Drinkwater,Daniel Drinkwater,MID
Daniel Sturridge,Daniel Sturridge,FWD
Danilo Luiz da Silva,Danilo Luiz da Silva,DEF
Danny Batth,Danny Batth,DEF
Danny Ings,Danny Ings,FWD
Danny Rose,Danny Rose,DEF
Danny Simpson,Danny Simpson,DEF
Danny Ward,Danny Ward,GKP
Danny Welbeck,Danny Welbeck,FWD
Danny Williams,Danny Williams,MID
Dan Gosling,Dan Gosling,MID
Daryl Janmaat,Daryl Janmaat,DEF
David Junior Hoilett,David Junior Hoilett,MID
Davide Zappacosta,Davide Zappacosta,DEF
David Brooks,David Brooks,MID
David Button,David Button,GKP
David De Gea,David De Gea,GKP
David Luiz Moreira Marinho,David Luiz Moreira Marinho,DEF
David Silva,David Silva,MID
Davinson S√°nchez,Davinson Sánchez,DEF
Davy Klaassen,Davy Klaassen,MID
Davy Pr√∂pper,Davy Pröpper,MID
DeAndre Yedlin,DeAndre Yedlin,DEF
Declan Rice,Declan Rice,MID
Dejan Lovren,Dejan Lovren,DEF
Demarai Gray,Demarai Gray,MID
Denis Odoi,Denis Odoi,DEF
Diego Rico,Diego Rico,DEF
Diogo Jota,Diogo Jota,FWD
Domingos Quina,Domingos Quina,MID
Dominic Calvert-Lewin,Dominic Calvert-Lewin,FWD
Dominic Solanke,Dominic Solanke,FWD
Dwight Gayle,Dwight Gayle,FWD
Eden Hazard,Eden Hazard,MID
Ederson Santana de Moraes,Ederson Santana de Moraes,GKP
Edimilson Fernandes,Edimilson Fernandes,MID
Eldin Jakupovic,Eldin Jakupovic,GKP
Elias Kachunga,Elias Kachunga,FWD
Emerson Hyndman,Emerson Hyndman,MID
Emerson Palmieri dos Santos,Emerson Palmieri dos Santos,DEF
Eric Bailly,Eric Bailly,DEF
Eric Dier,Eric Dier,DEF
Erik Durm,Erik Durm,DEF
Erik Lamela,Erik Lamela,MID
Ethan Ampadu,Ethan Ampadu,DEF
Etienne Capoue,Etienne Capoue,MID
Ezequiel Schelotto,Ezequiel Schelotto,DEF
Fabian Delph,Fabian Delph,MID
Fabian Sch√§r,Fabian Schär,DEF
Fabio Henrique Tavares,Fabio Henrique Tavares,MID
Fabi√°n Balbuena,Fabián Balbuena,DEF
Fabricio Agosto Ram√≠rez,Fabricio Agosto Ramírez,GKP
Federico Fern√°ndez,Federico Fernández,DEF
Felipe Anderson Pereira Gomes,Felipe Anderson Pereira Gomes,MID
Fernando Llorente,Fernando Llorente,FWD
Fernando Luiz Rosa,Fernando Luiz Rosa,MID
Filip Benkovic,Filip Benkovic,DEF
Florent Hadergjonaj,Florent Hadergjonaj,DEF
Florian Lejeune,Florian Lejeune,DEF
Florin Andone,Florin Andone,FWD
Floyd Ayit√©,Floyd Ayité,FWD
Fousseni Diabat√©,Fousseni Diabaté,MID
Francisco Femen√≠a Far,Francisco Femenía Far,DEF
Fraser Forster,Fraser Forster,GKP
Frederico Rodrigues de Paula Santos,Frederico Rodrigues de Paula Santos,MID
Gabriel Fernando de Jesus,Gabriel Fernando de Jesus,FWD
Gary Cahill,Gary Cahill,DEF
Gary Madine,Gary Madine,FWD
Ga√´tan Bong,Gaëtan Bong,DEF
Georges-K√©vin Nkoudou,Georges-Kévin Nkoudou,MID
Georginio Wijnaldum,Georginio Wijnaldum,MID
Gerard Deulofeu,Gerard Deulofeu,MID
Glenn Murray,Glenn Murray,FWD
Granit Xhaka,Granit Xhaka,MID
Greg Cunninghamm,Greg Cunningham,DEF
Greg Halford,Greg Halford,DEF
Guido Carrillo,Guido Carrillo,FWD
Gylfi Sigurdsson,Gylfi Sigurdsson,MID
Hamza Choudhury,Hamza Choudhury,MID
Harry Arter,Harry Arter,MID
Harry Kane,Harry Kane,FWD
Harry Maguire,Harry Maguire,DEF
Harry Winks,Harry Winks,MID
Henrikh Mkhitaryan,Henrikh Mkhitaryan,MID
Heung-Min Son,Heung-Min Son,FWD
Heurelho Gomes,Heurelho Gomes,GKP
Hugo Lloris,Hugo Lloris,GKP
H√©ctor Beller√≠n,Héctor Bellerín,DEF
H√©lder Costa,Hélder Costa,MID
Ibrahima Ciss√©,Ibrahima Cissé,MID
Idrissa Gueye,Idrissa Gueye,MID
Ilkay G√ºndogan,Ilkay Gündogan,MID
Isaac Hayden,Isaac Hayden,MID
Isaac Mbenza,Isaac Mbenza,FWD
Isaac Success Ajayi,Isaac Success Ajayi,FWD
Issa Diop,Issa Diop,DEF
Ivan Cavaleiro,Ivan Cavaleiro,FWD
Jack Cork,Jack Cork,MID
Jack Simpson,Jack Simpson,DEF
Jack Stephens,Jack Stephens,DEF
Jack Wilshere,Jack Wilshere,MID
Jacob Murphy,Jacob Murphy,MID
Jairo Riedewald,Jairo Riedewald,DEF
Jamaal Lascelles,Jamaal Lascelles,DEF
James Maddison,James Maddison,MID
James McArthur,James McArthur,MID
James McCarthy,James McCarthy,MID
James Milner,James Milner,MID
James Tarkowski,James Tarkowski,DEF
James Tomkins,James Tomkins,DEF
James Ward-Prowse,James Ward-Prowse,MID
Jamie Vardy,Jamie Vardy,FWD
Jannik Vestergaard,Jannik Vestergaard,DEF
Jan Bednarek,Jan Bednarek,DEF
Jan Vertonghen,Jan Vertonghen,DEF
Jaroslaw Jach,Jaroslaw Jach,DEF
Jason Puncheon,Jason Puncheon,MID
Jason Steele,Jason Steele,GKP
Javier Hern√°ndez Balc√°zar,Javier Hernández Balcázar,FWD
Javier Manquillo,Javier Manquillo,DEF
Jean Michael Seri,Jean Michael Seri,MID
Jefferson Lerma,Jefferson Lerma,MID
Jeffrey Schlupp,Jeffrey Schlupp,DEF
Jeff Hendrick,Jeff Hendrick,MID
Jermain Defoe,Jermain Defoe,FWD
Jerome Sinclair,Jerome Sinclair,FWD
Jesse Lingard,Jesse Lingard,MID
Joel Matip,Joel Matip,DEF
Joel Ward,Joel Ward,DEF
Joe Bennett,Joe Bennett,DEF
Joe Bryan,Joe Bryan,DEF
Joe Hart,Joe Hart,GKP
Joe Ralls,Joe Ralls,MID
Johann Berg Gudmundsson,Johann Berg Gudmundsson,MID
John Ruddy,John Ruddy,GKP
John Stones,John Stones,DEF
Jon Gorenc Stankovic,Jon Gorenc Stankovic,DEF
Jonas L√∂ssl,Jonas Lössl,GKP
Jonathan Castro Otto,Jonathan Castro Otto,DEF
Jonathan Hogg,Jonathan Hogg,MID
Jonathan Walters,Jonathan Walters,FWD
Jonjoe Kenny,Jonjoe Kenny,DEF
Jonjo Shelvey,Jonjo Shelvey,MID
Jonny Evans,Jonny Evans,DEF
Jordan Ayew,Jordan Ayew,FWD
Jordan Henderson,Jordan Henderson,MID
Jordan Hugill,Jordan Hugill,FWD
Jordan Pickford,Jordan Pickford,GKP
Jordon Ibe,Jordon Ibe,MID
Jorge Luiz Frello Filho,Jorge Luiz Frello Filho,MID
Jose Luis Mato Sanmart√≠n,Jose Luis Mato Sanmartín,FWD
Joseph Gomez,Joseph Gomez,DEF
Joshua King,Joshua King,FWD
Joshua Sims,Joshua Sims,MID
Josh Murphy,Josh Murphy,MID
Jos√© Diogo Dalot Teixeira,José Diogo Dalot Teixeira,DEF
Jos√© Heriberto Izquierdo Mena,José Heriberto Izquierdo Mena,MID
Jos√© Holebas,José Holebas,DEF
Jo√£o Filipe Iria Santos Moutinho,João Filipe Iria Santos Moutinho,MID
Juan Mata,Juan Mata,MID
Julian Speroni,Julian Speroni,GKP
Juninho Bacuna,Juninho Bacuna,MID
Junior Stanislas,Junior Stanislas,MID
J√ºrgen Locadia,Jürgen Locadia,FWD
Karl Darlow,Karl Darlow,GKP
Kasper Schmeichel,Kasper Schmeichel,GKP
Kelechi Iheanacho,Kelechi Iheanacho,FWD
Kenneth Zohore,Kenneth Zohore,FWD
Ken Sema,Ken Sema,MID
Kepa Arrizabalaga,Kepa Arrizabalaga,GKP
Kevin De Bruyne,Kevin De Bruyne,MID
Kevin Long,Kevin Long,DEF
Kevin McDonald,Kevin McDonald,MID
Kevin Mirallas,Kevin Mirallas,MID
Kieran Trippier,Kieran Trippier,DEF
Konstantinos Mavropanos,Konstantinos Mavropanos,DEF
Kortney Hause,Kortney Hause,DEF
Kyle Walker-Peters,Kyle Walker-Peters,DEF
Kyle Walker,Kyle Walker,DEF
Laurent Depoitre,Laurent Depoitre,FWD
Laurent Koscielny,Laurent Koscielny,DEF
Leander Dendoncker,Leander Dendoncker,MID
Lee Grant,Lee Grant,GKP
Lee Peltier,Lee Peltier,DEF
Leighton Baines,Leighton Baines,DEF
Leon Balogun,Leon Balogun,DEF
Leroy San√©,Leroy Sané,MID
Lewis Cook,Lewis Cook,MID
Lewis Dunk,Lewis Dunk,DEF
Loris Karius,Loris Karius,GKP
Lo√Øc Damour,Loïc Damour,MID
Lucas Digne,Lucas Digne,DEF
Lucas P√©rez,Lucas Pérez,FWD
Lucas Rodrigues Moura da Silva,Lucas Rodrigues Moura da Silva,MID
Lucas Torreira,Lucas Torreira,MID
Luciano Vietto,Luciano Vietto,FWD
Lukasz Fabianski,Lukasz Fabianski,GKP
Luka Milivojevic,Luka Milivojevic,MID
Luke Amos,Luke Amos,MID
Luke Shaw,Luke Shaw,DEF
Lys Mousset,Lys Mousset,FWD
Maarten Stekelenburg,Maarten Stekelenburg,GKP
Mamadou Sakho,Mamadou Sakho,DEF
Manolo Gabbiadini,Manolo Gabbiadini,FWD
Manuel Lanzini,Manuel Lanzini,MID
Marcos Alonso,Marcos Alonso,MID
Marcos Rojo,Marcos Rojo,DEF
Marcus Bettinelli,Marcus Bettinelli,GKP
Marcus Rashford,Marcus Rashford,FWD
Marc Albrighton,Marc Albrighton,MID
Marc Navarro,Marc Navarro,DEF
Marc Pugh,Marc Pugh,MID
Mario Lemina,Mario Lemina,MID
Marko Arnautovic,Marko Arnautovic,FWD
Markus Suttner,Markus Suttner,DEF
Mark Noble,Mark Noble,MID
Marouane Fellaini,Marouane Fellaini,MID
Martin Dubravka,Martin Dubravka,GKP
Martin Kelly,Martin Kelly,DEF
Mart√≠n Montoya,Martín Montoya,DEF
Marvin Zeegelaar,Marvin Zeegelaar,DEF
Mason Holgate,Mason Holgate,DEF
Matej Vydra,Matej Vydra,FWD
Mateo Kovacic,Mateo Kovacic,MID
Mathew Ryan,Mathew Ryan,GKP
Mathias Jorgensen,Mathias Jorgensen,DEF
Matteo Darmian,Matteo Darmian,DEF
Matteo Guendouzi,Matteo Guendouzi,MID
Matthew Connolly,Matthew Connolly,DEF
Matthew Lowton,Matthew Lowton,DEF
Matty James,Matty James,MID
Matt Doherty,Matt Doherty,DEF
Matt Ritchie,Matt Ritchie,MID
Matt Targett,Matt Targett,DEF
Maxime Le Marchand,Maxime Le Marchand,DEF
Max Meyer,Max Meyer,MID
Maya Yoshida,Maya Yoshida,DEF
Mesut √ñzil,Mesut Özil,MID
Michael Keane,Michael Keane,DEF
Michail Antonio,Michail Antonio,DEF
Michel Vorm,Michel Vorm,GKP
Miguel Britos,Miguel Britos,DEF
Mikel Merino,Mikel Merino,MID
Mohamed Diam√©,Mohamed Diame,MID
Mohamed Elneny,Mohamed Elneny,MID
Mohamed Elyounoussi,Mohamed Elyounoussi,MID
Mohamed Salah,Mohamed Salah,FWD
Morgan Gibbs-White,Morgan Gibbs-White,MID
Morgan Schneiderlin,Morgan Schneiderlin,MID
Mousa Demb√©l√©,Mousa Dembélé,MID
Moussa Sissoko,Moussa Sissoko,MID
N'Golo Kant√©,N'Golo Kanté,MID
Naby Keita,Naby Keita,MID
Nacho Monreal,Nacho Monreal,DEF
Nahki Wells,Nahki Wells,FWD
Nathaniel Chalobah,Nathaniel Chalobah,MID
Nathaniel Clyne,Nathaniel Clyne,DEF
Nathaniel Mendez-Laing,Nathaniel Mendez-Laing,MID
Nathan Ak√©,Nathan Aké,DEF
Nathan Redmond,Nathan Redmond,DEF
Neeskens Kebano,Neeskens Kebano,MID
Neil Etheridge,Neil Etheridge,GKP
Nemanja Matic,Nemanja Matic,MID
Nick Pope,Nick Pope,GKP
Nicol√°s Otamendi,Nicolás Otamendi,DEF
Nikola Vlasic,Nikola Vlasic,MID
Oleksandr Zinchenko,Oleksandr Zinchenko,DEF
Olivier Giroud,Olivier Giroud,FWD
Omar Bogle,Omar Bogle,FWD
Oriol Romeu Vidal,Oriol Romeu Vidal,MID
Oumar Niasse,Oumar Niasse,FWD
Pablo Zabaleta,Pablo Zabaleta,DEF
Pape Souar√©,Pape Souaré,DEF
Pascal Gro√ü,Pascal Groß,MID
Patrick van Aanholt,Patrick van Aanholt,DEF
Paul Dummett,Paul Dummett,DEF
Paul Pogba,Paul Pogba,MID
Pedro Obiang,Pedro Obiang,MID
Pedro Rodr√≠guez Ledesma,Pedro Rodríguez Ledesma,FWD
Petr Cech,Petr Cech,GKP
Philip Billing,Philip Billing,MID
Phil Bardsley,Phil Bardsley,DEF
Phil Foden,Phil Foden,MID
Phil Jagielka,Phil Jagielka,DEF
Phil Jones,Phil Jones,DEF
Pierre-Emerick Aubameyang,Pierre-Emerick Aubameyang,FWD
Pierre-Emile H√∏jbjerg,Pierre-Emile Højbjerg,MID
Pontus Dahlberg,Pontus Dahlberg,GKP
Rachid Ghezzal,Rachid Ghezzal,MID
Rafa Mir,Rafa Mir,FWD
Ragnar Klavan,Ragnar Klavan,DEF
Raheem Sterling,Raheem Sterling,FWD
Rajiv van La Parra,Rajiv van La Parra,MID
Ramadan Sobhi,Ramadan Sobhi,MID
Ra√∫l Jim√©nez,Raúl Jiménez,FWD
Reece Oxford,Reece Oxford,DEF
Reiss Nelson,Reiss Nelson,MID
Ricardo Domingos Barbosa Pereira,Ricardo Domingos Barbosa Pereira,DEF
Richarlison de Andrade,Richarlison de Andrade,FWD
Riyad Mahrez,Riyad Mahrez,FWD
Robbie Brady,Robbie Brady,MID
Robert Kenedy Nunes do Nascimento,Robert Kenedy Nunes do Nascimento,MID
Roberto Firmino,Roberto Firmino,FWD
Roberto Pereyra,Roberto Pereyra,MID
Robert Elliot,Robert Elliot,GKP
Robert Snodgrass,Robert Snodgrass,MID
Rob Holding,Rob Holding,DEF
Roderick Jefferson Gon√ßalves Miranda,Roderick Jefferson Gonçalves Miranda,DEF
Romain Sa√Øss,Romain Saïss,DEF
Romelu Lukaku,Romelu Lukaku,FWD
Ross Barkley,Ross Barkley,MID
Ruben Loftus-Cheek,Ruben Loftus-Cheek,MID
Rui Pedro da Rocha Fonte,Rui Pedro da Rocha Fonte,FWD
Rui Pedro dos Santos Patr√≠cio,Rui Pedro dos Santos Patrício,GKP
Ryan Bennett,Ryan Bennett,DEF
Ryan Bertrand,Ryan Bertrand,DEF
Ryan Fraser,Ryan Fraser,MID
Ryan Fredericks,Ryan Fredericks,DEF
Ryan Sessegnon,Ryan Sessegnon,DEF
R√∫ben Diogo da Silva Neves,Rúben Diogo da Silva Neves,MID
R√∫ben Gon√ßalo Silva Nascimento Vinagre,Rúben Gonçalo Silva Nascimento Vinagre,DEF
Sadio Man√©,Sadio Mané,FWD
Salom√≥n Rond√≥n,Salomón Rondón,FWD
Sam Baldock,Sam Baldock,FWD
Sam Byram,Sam Byram,DEF
Sam McQueen,Sam McQueen,DEF
Sam Vokes,Sam Vokes,FWD
Sandro Ram√≠rez,Sandro Ramírez,FWD
Scott Dann,Scott Dann,DEF
Scott Malone,Scott Malone,DEF
Scott McTominay,Scott McTominay,MID
Sead Kolasinac,Sead Kolasinac,DEF
Seamus Coleman,Seamus Coleman,DEF
Sean Morrison,Sean Morrison,DEF
Sebastian Pr√∂dl,Sebastian Prödl,DEF
Serge Aurier,Serge Aurier,DEF
Sergio Ag√ºero,Sergio Agüero,FWD
Sergio Rico,Sergio Rico,GKP
Sergio Romero,Sergio Romero,GKP
Shane Duffy,Shane Duffy,DEF
Shane Long,Shane Long,FWD
Shinji Okazaki,Shinji Okazaki,FWD
Shkodran Mustafi,Shkodran Mustafi,DEF
Simon Francis,Simon Francis,DEF
Simon Mignolet,Simon Mignolet,GKP
Sofiane Boufal,Sofiane Boufal,MID
Sokratis Papastathopoulos,Sokratis Papastathopoulos,DEF
Solomon March,Solomon March,MID
Sol Bamba,Sol Bamba,DEF
Stefano Okaka,Stefano Okaka,FWD
Stefan Johansen,Stefan Johansen,MID
Stephan Lichtsteiner,Stephan Lichtsteiner,DEF
Stephen Ward,Stephen Ward,DEF
Steven Davis,Steven Davis,MID
Steven Defour,Steven Defour,MID
Steve Cook,Steve Cook,DEF
Steve Mounie,Steve Mounie,FWD
Stuart Armstrong,Stuart Armstrong,MID
Sullay Kaikai,Sullay Kaikai,MID
Sung-yueng Ki,Sung-yueng Ki,MID
Tammy Abraham,Tammy Abraham,FWD
Terence Kongolo,Terence Kongolo,DEF
Theo Walcott,Theo Walcott,MID
Thibaut Courtois,Thibaut Courtois,GKP
Tiemou√© Bakayoko,Tiemoué Bakayoko,MID
Timothy Fosu-Mensah,Timothy Fosu-Mensah,DEF
Tim Ream,Tim Ream,DEF
Toby Alderweireld,Toby Alderweireld,DEF
Tomer Hemed,Tomer Hemed,FWD
Tommy Smith,Tommy Smith,DEF
Tom Cairney,Tom Cairney,MID
Tom Cleverley,Tom Cleverley,MID
Tom Davies,Tom Davies,MID
Tom Heaton,Tom Heaton,GKP
Tom Ince,Tom Ince,MID
Trent Alexander-Arnold,Trent Alexander-Arnold,DEF
Troy Deeney,Troy Deeney,FWD
Tyrone Mings,Tyrone Mings,DEF
Vicente Guaita,Vicente Guaita,GKP
Vicente Iborra,Vicente Iborra,MID
Victor Lindel√∂f,Victor Lindelöf,DEF
Victor Moses,Victor Moses,MID
Victor Wanyama,Victor Wanyama,MID
Vincent Kompany,Vincent Kompany,DEF
Virgil van Dijk,Virgil van Dijk,DEF
V√≠ctor Camarasa,Víctor Camarasa,MID
Wayne Hennessey,Wayne Hennessey,GKP
Wesley Hoedt,Wesley Hoedt,DEF
Wes Morgan,Wes Morgan,DEF
Wilfred Ndidi,Wilfred Ndidi,MID
Wilfried Zaha,Wilfried Zaha,MID
Willian Borges Da Silva,Willian Borges Da Silva,MID
Willy Boly,Willy Boly,DEF
Willy Caballero,Willy Caballero,GKP
Will Hughes,Will Hughes,MID
Will Norris,Will Norris,GKP
Winston Reid,Winston Reid,DEF
Xherdan Shaqiri,Xherdan Shaqiri,MID
Yannick Bolasie,Yannick Bolasie,MID
Yerry Mina,Yerry Mina,DEF
Yohan Benalouane,Yohan Benalouane,DEF
Yoshinori Muto,Yoshinori Muto,FWD
Younes Kaboul,Younes Kaboul,DEF
Yves Bissouma,Yves Bissouma,MID
√Ålvaro Morata,Álvaro Morata,FWD
Kurt Zouma,Kurt Zouma,DEF
Nampalys Mendy,Nampalys Mendy,MID
Arijanet Muric,Arijanet Muric,GKP
Jamie Sterry,Jamie Sterry,DEF
Kieran Dowell,Kieran Dowell,MID
Sean Longstaff,Sean Longstaff,MID
Brian Murphy,Brian Murphy,GKP
Dwight McNeil,Dwight McNeil,MID
Kadeem Harris,Kadeem Harris,MID
Paulo Gazzaniga,Paulo Gazzaniga,GKP
Ryan Schofield,Ryan Schofield,GKP
Tyias Browning,Tyias Browning,DEF
Alfie Whiteman,Alfie Whiteman,GKP
Grady Diangana,Grady Diangana,MID
Emiliano Mart√≠nez,Emiliano Martínez,GKP
Oliver Skipp,Oliver Skipp,MID
Zeze Steven Sessegnon,Steven Sessegnon,MID
Ben Wilmot,Ben Wilmot,DEF
Divock Origi,Divock Origi,FWD
Emile Smith-Rowe,Emile Smith-Rowe,MID
Zech Medley,Zech Medley,DEF
Conor Coventry,Conor Coventry,MID
Joe Powell,Joe Powell,MID
Juan Foyth,Juan Foyth,DEF
Michael Obafemi,Michael Obafemi,FWD
Edward Nketiah,Edward Nketiah,FWD
Viktor Gyokeres,Viktor Gyokeres,FWD
Frederick Woodman,Frederick Woodman,GKP
Adalberto Pe√±aranda,Adalberto Peñaranda,FWD
Ryan John Giles,Ryan John Giles,DEF
Yan Valery,Yan Valery,MID
Josh Knight,Josh Knight,DEF
Rafael Camacho,Rafael Camacho,MID
Ben White,Ben White,DEF
Alexandre Nascimento Costa Silva,Alexandre Nascimento Costa Silva,FWD
Timothy Eyoma,Timothy Eyoma,DEF
Tyreke Johnson,Tyreke Johnson,DEF
Abd-Al-Ali Morakinyo Olaposi Koiki,Abd-Al-Ali Morakinyo Olaposi Koiki,DEF
Bukayo Saka,Bukayo Saka,MID
Kayne Ramsay,Kayne Ramsay,DEF
Angel Gomes,Angel Gomes,MID
Joseph Willock,Joseph Willock,MID
Max Kilman,Max Kilman,DEF
Callum Slattery,Callum Slattery,MID
Samir Nasri,Samir Nasri,MID
Harvey Barnes,Harvey Barnes,MID
Max Sanders,Max Sanders,MID
Rhys Healey,Rhys Healey,FWD
Sam Gallagher,Sam Gallagher,FWD
Callum Roberts,Callum Roberts,MID
Joe Tupper,Joe Tupper,GKP
Kazaiah Sterling,Kazaiah Sterling,FWD
Ryan Babel,Ryan Babel,MID
Carl Jenkinson,Carl Jenkinson,DEF
Chris Mepham,Chris Mepham,DEF
Dan Burn,Dan Burn,DEF
Gonzalo Higua√≠n,Gonzalo Higuaín,FWD
Josh Benson,Josh Benson,MID
Alfie Jones,Alfie Jones,DEF
Antonio Barreca,Antonio Barreca,DEF
Cameron John,Cameron John,DEF
Curtis Jones,Curtis Jones,MID
Denis Su√°rez,Denis Suárez,MID
H√•vard Nordtveit,Håvard Nordtveit,DEF
Karlan Grant,Karlan Grant,FWD
Lazar Markovic,Lazar Markovic,MID
Leandro Bacuna,Leandro Bacuna,MID
Lucas Perri,Lucas Perri,GKP
Michy Batshuayi,Michy Batshuayi,FWD
Miguel Almir√≥n,Miguel Almirón,MID
Peter Crouch,Peter Crouch,FWD
Youri Tielemans,Youri Tielemans,MID
Joel Coleman,Joel Coleman,GKP
Kyle Taylor,Kyle Taylor,DEF
Sam Surridge,Sam Surridge,FWD
√áaglar S√∂y√ºnc√º,Ça_lar Söyüncü,DEF
Ben Johnson,Ben Johnson,DEF
Demeaco Duhaney,Demeaco Duhaney,DEF
James Garner,James Garner,MID
Philippe Sandler,Philippe Sandler,DEF
Tahith Chong,Tahith Chong,MID
Matthew Daly,Matthew Daly,MID
Aaron Rowe,Aaron Rowe,MID
Mason Greenwood,Mason Greenwood,FWD
Sam Woods,Sam Woods,DEF
George Marsh,George Marsh,MID
Harvey Elliott,Harvey Elliott,MID
Nathan Holland,Nathan Holland,MID
Nnamdi Ofoborh,Nnamdi Ofoborh,MID
Vincent Janssen,Vincent Janssen,FWD
Anthony Driscoll-Glennon,Anthony Driscoll-Glennon,DEF
Mark Travers,Mark Travers,GKP
Addji Keaninkin Marc-Israel Guehi,Addji Keaninkin Marc-Israel Guehi,DEF
Jayson Molumby,Jayson Molumby,MID
Kelland Watts,Kelland Watts,DEF
Lewis Cass,Lewis Cass,DEF
Luca De La Torre,Luca De La Torre,MID
Luke Dreher,Luke Dreher,MID
Matt Butcher,Matt Butcher,MID
Nikola Tavares,Nikola Tavares,DEF
Aaron Ramsdale,Aaron Ramsdale,GKP
Adam Webster,Adam Webster,DEF
Ahmed El Mohamady,Ahmed El Mohamady,DEF
Albian Ajeti,Albian Ajeti,FWD
Alexander Tettey,Alexander Tettey,MID
Allan Saint-Maximin,Allan Saint-Maximin,MID
Andre Green,Andre Green,MID
Andy King,Andy King,MID
Anwar El Ghazi,Anwar El Ghazi,MID
Arnaut Danjuma Groeneveld,Arnaut Danjuma Groeneveld,MID
Axel Tuanzebe,Axel Tuanzebe,DEF
Bailey Peacock-Farrell,Bailey Peacock-Farrell,GKP
Ben Godfrey,Ben Godfrey,DEF
Ben Osborn,Ben Osborn,MID
Billy Sharp,Billy Sharp,FWD
Birkir Bjarnason,Birkir Bjarnason,MID
Bjorn Engels,Bjorn Engels,DEF
Callum Robinson,Callum Robinson,FWD
Che Adams,Che Adams,FWD
Christian Pulisic,Christian Pulisic,MID
Christoph Zimmermann,Christoph Zimmermann,DEF
Chris Basham,Chris Basham,DEF
Conor Hourihane,Conor Hourihane,MID
Craig Dawson,Craig Dawson,DEF
Daniel Ceballos Fern√°ndez,Daniel Ceballos Fernández,MID
Daniel James,Daniel James,MID
David de Gea,David de Gea,GKP
David McGoldrick,David McGoldrick,FWD
Dean Henderson,Dean Henderson,GKP
Dennis Praet,Dennis Praet,MID
Dennis Srbeny,Dennis Srbeny,FWD
Djibril Sidib√©,Djibril Sidibé,DEF
Douglas Luiz Soares de Paulo,Douglas Luiz Soares de Paulo,MID
Emiliano Buend√≠a,Emiliano Buendía,MID
Emil Krafth,Emil Krafth,DEF
Enda Stevens,Enda Stevens,DEF
Erik Pieters,Erik Pieters,DEF
Ezri Konsa Ngoyo,Ezri Konsa Ngoyo,DEF
Fikayo Tomori,Fikayo Tomori,DEF
Fr√©d√©ric Guilbert,Frédéric Guilbert,DEF
Gabriel Teodoro Martinelli Silva,Gabriel Teodoro Martinelli Silva,FWD
George Baldock,George Baldock,DEF
Giovani Lo Celso,Giovani Lo Celso,MID
Grant Hanley,Grant Hanley,DEF
Harry Wilson,Harry Wilson,MID
Henri Lansbury,Henri Lansbury,MID
Heurelho da Silva Gomes,Heurelho da Silva Gomes,GKP
Ibrahim Amadou,Ibrahim Amadou,MID
Isma√Øla Sarr,Ismaïla Sarr,MID
Jack Colback,Jack Colback,MID
Jack Grealish,Jack Grealish,MID
Jack O'Connell,Jack O'Connell,DEF
Jack Stacey,Jack Stacey,DEF
Jake Eastwood,Jake Eastwood,GKP
Jamal Lewis,Jamal Lewis,DEF
James Chester,James Chester,DEF
James Justin,James Justin,DEF
Jay Rodriguez,Jay Rodriguez,FWD
Jean-Philippe Gbamin,Jean-Philippe Gbamin,MID
Jed Steer,Jed Steer,GKP
Jes√∫s Vallejo L√°zaro,Jesús Vallejo Lázaro,DEF
Jetro Willems,Jetro Willems,DEF
Joelinton C√°ssio Apolin√°rio de Lira,Joelinton Cássio Apolinário de Lira,FWD
John Egan,John Egan,DEF
John Fleck,John Fleck,MID
John Lundstram,John Lundstram,MID
John McGinn,John McGinn,MID
Jonathan Kodjia,Jonathan Kodjia,FWD
Josip Drmic,Josip Drmic,FWD
Jos√© Ignacio Peleteiro Romallo,José Ignacio Peleteiro Romallo,MID
Jos√© √Ångel Esmor√≠s Tasende,José Ángel Esmorís Tasende,DEF
Jo√£o Pedro Cavaco Cancelo,João Pedro Cavaco Cancelo,DEF
Keinan Davis,Keinan Davis,FWD
Kenny McLean,Kenny McLean,MID
Kieran Tierney,Kieran Tierney,DEF
Kieron Freeman,Kieron Freeman,DEF
Leandro Trossard,Leandro Trossard,MID
Lewis Gibson,Lewis Gibson,DEF
Lloyd Kelly,Lloyd Kelly,DEF
Lovre Kalinic,Lovre Kalinic,GKP
Luke Freeman,Luke Freeman,MID
Mahmoud Ahmed Ibrahim Hassan,Mahmoud Ahmed Ibrahim Hassan,FWD
Marco Stiepermann,Marco Stiepermann,MID
Mario Vrancic,Mario Vrancic,MID
Mark Duffy,Mark Duffy,MID
Marvelous Nakamba,Marvelous Nakamba,MID
Mason Mount,Mason Mount,MID
Matthew Clarke,Matthew Clarke,DEF
Maximillian Aarons,Maximillian Aarons,DEF
Michael McGovern,Michael McGovern,GKP
Michael Verrips,Michael Verrips,GKP
Moise Kean,Moise Kean,FWD
Moritz Leitner,Moritz Leitner,MID
Moussa Djenepo,Moussa Djenepo,MID
Muhamed Be≈°iƒá,Muhamed Be_i_,MID
Neal Maupay,Neal Maupay,FWD
Neil Taylor,Neil Taylor,DEF
Nicolas P√©p√©,Nicolas Pépé,MID
Oliver McBurnie,Oliver McBurnie,FWD
Oliver Norwood,Oliver Norwood,MID
Onel Hern√°ndez,Onel Hernández,MID
Pablo Fornals,Pablo Fornals,MID
Patrick Cutrone,Patrick Cutrone,FWD
Patrick Roberts,Patrick Roberts,MID
Pedro Lomba Neto,Pedro Lomba Neto,MID
Philip Heise,Philip Heise,DEF
Ralf Fahrmann,Ralf Fahrmann,GKP
Ravel Morrison,Ravel Morrison,MID
Reece James,Reece James,DEF
Rhian Brewster,Rhian Brewster,FWD
Richard Stearman,Richard Stearman,DEF
Roberto Jimenez Gago,Roberto Jimenez Gago,GKP
Rodrigo Hernandez,Rodrigo Hernandez,MID
Rolando Aarons,Rolando Aarons,MID
Simon Moore,Simon Moore,GKP
S√©bastien Haller,Sébastien Haller,FWD
Tanguy Ndombele,Tanguy Ndombele,MID
Teemu Pukki,Teemu Pukki,FWD
Timm Klose,Timm Klose,DEF
Tim Krul,Tim Krul,GKP
Todd Cantwell,Todd Cantwell,MID
Tom Trybull,Tom Trybull,MID
Troy Parrott,Troy Parrott,FWD
Wesley Moraes,Wesley Moraes,FWD
√òrjan Nyland,Ørjan Nyland,GKP
Andy Lonergan,Andy Lonergan,GKP
Caoimhin Kelleher,Caoimhin Kelleher,GKP
Kevin Danso,Kevin Danso,DEF
Aaron Connolly,Aaron Connolly,FWD
Billy Gilmour,Billy Gilmour,MID
Daniel N'Lundulu,Daniel N'Lundulu,FWD
Adam Idah,Adam Idah,FWD
Dimitri Foulquier,Dimitri Foulquier,DEF
Matthew Longstaff,Matthew Longstaff,MID
Steven Alzate,Steven Alzate,MID
Tudor Baluta,Tudor Baluta,DEF
Eric Garcia,Eric Garcia,DEF
Brandon Williams,Brandon Williams,DEF
Harry Lewis,Harry Lewis,GKP
Leon Clarke,Leon Clarke,FWD
Akin Famewo,Akin Famewo,DEF
Archie Mair,Archie Mair,GKP
David Martin,David Martin,GKP
Brandon Austin,Brandon Austin,GKP
Stephen Henderson,Stephen Henderson,GKP
Bernard Ashley-Seal,Bernard Ashley-Seal,FWD
Taylor Perry,Taylor Perry,MID
Anthony Gordon,Anthony Gordon,MID
Scott Carson,Scott Carson,GKP
Ayotomiwa Dele-Bashiru,Ayotomiwa Dele-Bashiru,MID
Christian Saydee,Christian Saydee,FWD
Gavin Kilkenny,Gavin Kilkenny,MID
Luke Cundle,Luke Cundle,MID
Owen Otasowie,Owen Otasowie,MID
Mace Goodridge,Mace Goodridge,MID
Mihai-Alexandru Dobre,Mihai-Alexandru Dobre,FWD
Tyrick Mitchell,Tyrick Mitchell,DEF
Rhu-endly Martina,Rhu-endly Martina,DEF
Neco Williams,Neco Williams,DEF
Emile Smith Rowe,Emile Smith Rowe,MID
Brandon Pierrick,Brandon Pierrick,FWD
James Daly,James Daly,FWD
Japhet Tanganga,Japhet Tanganga,DEF
Joseph Anang,Joseph Anang,GKP
Tyreece John-Jules,Tyreece John-Jules,FWD
Tariq Lamptey,Tariq Lamptey,DEF
Oskar Buur,Oskar Buur,DEF
William Smallbone,William Smallbone,MID
Nathaniel Phillips,Nathaniel Phillips,DEF
Nya Kirby,Nya Kirby,MID
Bernardo Costa Da Rosa,Bernardo Costa Da Rosa,DEF
Jo√£o Pedro Junqueira de Jesus,João Pedro Junqueira de Jesus,FWD
Jeremy Ngakia,Jeremy Ngakia,DEF
Gon√ßalo Bento Soares Cardoso,Gonçalo Bento Soares Cardoso,DEF
Thomas Allan,Thomas Allan,FWD
Jack Rodwell,Jack Rodwell,MID
Takumi Minamino,Takumi Minamino,MID
Indiana Vassilev,Indiana Vassilev,FWD
Giovanni McGregor,Giovanni McGregor,MID
Ryan Giles,Ryan Giles,MID
Gedson Carvalho Fernandes,Gedson Carvalho Fernandes,MID
Lukas Rupp,Lukas Rupp,MID
Bruno Andr√© Cavaco Jordao,Bruno André Cavaco Jordao,MID
Jos√© Reina,José Reina,GKP
Darren Randolph,Darren Randolph,GKP
Ignacio Pussetto,Ignacio Pussetto,MID
Ondrej Duda,Ondrej Duda,MID
Liam Gibson,Liam Gibson,DEF
Bruno Miguel Borges Fernandes,Bruno Miguel Borges Fernandes,MID
Daniel Castelo Podence,Daniel Castelo Podence,MID
Jack Robinson,Jack Robinson,DEF
Josh Brownhill,Josh Brownhill,MID
Mbwana Samatta,Mbwana Samatta,FWD
Nabil Bentaleb,Nabil Bentaleb,MID
Pablo Mar√≠,Pablo Marí,DEF
Richairo Zivkovic,Richairo Zivkovic,FWD
Sander Berge,Sander Berge,MID
Steven Bergwijn,Steven Bergwijn,MID
Tomas Soucek,Tomas Soucek,MID
Valentino Lazaro,Valentino Lazaro,MID
Odion Ighalo,Odion Ighalo,FWD
Borja Gonz√°lez Tom√°s,Borja González Tomás,FWD
Panagiotis Retsos,Panagiotis Retsos,DEF
Jarrod Bowen,Jarrod Bowen,MID
Alexis Mac Allister,Alexis Mac Allister,MID
Jo√£o Manuel Neves Virg√≠nia,João Manuel Neves Virgínia,GKP
Ki-Jana Hoever,Ki-Jana Hoever,DEF
Armando Broja,Armando Broja,FWD
Faustino Anjorin,Faustino Anjorin,MID
Bobby Thomas,Bobby Thomas,DEF
Harvey White,Harvey White,MID
Jarrad Branthwaite,Jarrad Branthwaite,DEF
Jimmy Dunne,Jimmy Dunne,DEF
Josh Martin,Josh Martin,MID
Lukas Jensen,Lukas Jensen,GKP
Max Thompson,Max Thompson,FWD
Nathan Tella,Nathan Tella,MID
Cole Palmer,Cole Palmer,MID
Jake Vokins,Jake Vokins,DEF
Matthew Smith,Matthew Smith,MID
Matt Macey,Matt Macey,GKP
Taylor Harwood-Bellis,Taylor Harwood-Bellis,DEF
Tommy Doyle,Tommy Doyle,MID
Alexandre Jankewitz,Alexandre Jankewitz,MID
Alfie Lewis,Alfie Lewis,MID
Jordan Thomas,Jordan Thomas,DEF
Dennis Cirkin,Dennis Cirkin,DEF
Leonardo Campana,Leonardo Campana,FWD
Will Ferry,Will Ferry,MID
Jack Young,Jack Young,MID
Lewis Bate,Lewis Bate,MID
Darnell Johnson,Darnell Johnson,DEF
George Hirst,George Hirst,FWD
Jacob Maddox,Jacob Maddox,MID
Kaine Hayden,Kaine Hayden,DEF
Luke Thomas,Luke Thomas,DEF
Alex Cochrane,Alex Cochrane,DEF
Ellis Simms,Ellis Simms,FWD
Joel Mumbongo,Joel Mumbongo,FWD
John-Kymani Gordon,John-Kymani Gordon,FWD
Daniel Adshead,Daniel Adshead,MID